Packet Loss,delay,RTT Loss,bufferKB,bufferMS,Message size,Batch size,message timeout,acks,retry times,retry backoff,Number of Received messages,Number of nonidentical messages,Number of lost messages,Percentage of lost messages,Number of redundant messages,Percentage of redundant messages,Number of duplicated messages,Percentage of duplicated messages
0.50%,30,0.009975,1048576,0.5,100,1,5000,0,0,100,1000000,1000000,0,0,0,0.00%,0,0.00%
1.00%,30,0.0199,1048576,0.5,100,1,5000,0,0,100,1000000,1000000,0,0,0,0.00%,0,0.00%
1.50%,30,0.029775,1048576,0.5,100,1,5000,0,0,100,1000000,1000000,0,0,0,0.00%,0,0.00%
2.00%,30,0.0396,1048576,0.5,100,1,5000,0,0,100,1000000,1000000,0,0,0,0.00%,0,0.00%
2.50%,30,0.049375,1048576,0.5,100,1,5000,0,0,100,1000000,1000000,0,0,0,0.00%,0,0.00%
3.00%,30,0.0591,1048576,0.5,100,1,5000,0,0,100,1000000,1000000,0,0,0,0.00%,0,0.00%
3.50%,30,0.068775,1048576,0.5,100,1,5000,0,0,100,1000000,1000000,0,0,0,0.00%,0,0.00%
4.00%,30,0.0784,1048576,0.5,100,1,5000,0,0,100,1000000,1000000,0,0,0,0.00%,0,0.00%
4.50%,30,0.087975,1048576,0.5,100,1,5000,0,0,100,978406,978406,21594,0.021594,0,0.00%,0,0.00%
5.00%,30,0.0975,1048576,0.5,100,1,5000,0,0,100,935569,935569,64431,0.064431,0,0.00%,0,0.00%
5.50%,30,0.106975,1048576,0.5,100,1,5000,0,0,100,831580,831580,168420,0.16842,0,0.00%,0,0.00%
6.00%,30,0.1164,1048576,0.5,100,1,5000,0,0,100,807384,807384,192616,0.192616,0,0.00%,0,0.00%
6.50%,30,0.125775,1048576,0.5,100,1,5000,0,0,100,698105,698105,301895,0.301895,0,0.00%,0,0.00%
7.00%,30,0.1351,1048576,0.5,100,1,5000,0,0,100,664267,664267,335733,0.335733,0,0.00%,0,0.00%
7.50%,30,0.144375,1048576,0.5,100,1,5000,0,0,100,615531,615531,384469,0.384469,0,0.00%,0,0.00%
8.00%,30,0.1536,1048576,0.5,100,1,5000,0,0,100,525481,525481,474519,0.474519,0,0.00%,0,0.00%
8.50%,30,0.162775,1048576,0.5,100,1,5000,0,0,100,518966,518966,481034,0.481034,0,0.00%,0,0.00%
9.00%,30,0.1719,1048576,0.5,100,1,5000,0,0,100,395571,395571,604429,0.604429,0,0.00%,0,0.00%
9.50%,30,0.180975,1048576,0.5,100,1,5000,0,0,100,396011,396011,603989,0.603989,0,0.00%,0,0.00%
10.00%,30,0.19,1048576,0.5,100,1,5000,0,0,100,322941,322941,677059,0.677059,0,0.00%,0,0.00%
10.50%,30,0.198975,1048576,0.5,100,1,5000,0,0,100,289911,289911,710089,0.710089,0,0.00%,0,0.00%
11.00%,30,0.2079,1048576,0.5,100,1,5000,0,0,100,262000,262000,738000,0.738,0,0.00%,0,0.00%
11.50%,30,0.216775,1048576,0.5,100,1,5000,0,0,100,223296,223296,776704,0.776704,0,0.00%,0,0.00%
12.00%,30,0.2256,1048576,0.5,100,1,5000,0,0,100,250298,250298,749702,0.749702,0,0.00%,0,0.00%
12.50%,30,0.234375,1048576,0.5,100,1,5000,0,0,100,184262,184262,815738,0.815738,0,0.00%,0,0.00%
13.00%,30,0.2431,1048576,0.5,100,1,5000,0,0,100,175722,175722,824278,0.824278,0,0.00%,0,0.00%
13.50%,30,0.251775,1048576,0.5,100,1,5000,0,0,100,149062,149062,850938,0.850938,0,0.00%,0,0.00%
14.00%,30,0.2604,1048576,0.5,100,1,5000,0,0,100,134949,134949,865051,0.865051,0,0.00%,0,0.00%
14.50%,30,0.268975,1048576,0.5,100,1,5000,0,0,100,119734,119734,880266,0.880266,0,0.00%,0,0.00%
15.00%,30,0.2775,1048576,0.5,100,1,5000,0,0,100,133132,133132,866868,0.866868,0,0.00%,0,0.00%
15.50%,30,0.285975,1048576,0.5,100,1,5000,0,0,100,104259,104259,895741,0.895741,0,0.00%,0,0.00%
16.00%,30,0.2944,1048576,0.5,100,1,5000,0,0,100,95615,95615,904385,0.904385,0,0.00%,0,0.00%
16.50%,30,0.302775,1048576,0.5,100,1,5000,0,0,100,104439,104439,895561,0.895561,0,0.00%,0,0.00%
17.00%,30,0.3111,1048576,0.5,100,1,5000,0,0,100,93996,93996,906004,0.906004,0,0.00%,0,0.00%
17.50%,30,0.319375,1048576,0.5,100,1,5000,0,0,100,81603,81603,918397,0.918397,0,0.00%,0,0.00%
18.00%,30,0.3276,1048576,0.5,100,1,5000,0,0,100,82251,82251,917749,0.917749,0,0.00%,0,0.00%
18.50%,30,0.335775,1048576,0.5,100,1,5000,0,0,100,78064,78064,921936,0.921936,0,0.00%,0,0.00%
19.00%,30,0.3439,1048576,0.5,100,1,5000,0,0,100,72685,72685,927315,0.927315,0,0.00%,0,0.00%
19.50%,30,0.351975,1048576,0.5,100,1,5000,0,0,100,68357,68357,931643,0.931643,0,0.00%,0,0.00%
20.00%,30,0.36,1048576,0.5,100,1,5000,0,0,100,69138,69138,930862,0.930862,0,0.00%,0,0.00%
20.50%,30,0.367975,1048576,0.5,100,1,5000,0,0,100,64101,64101,935899,0.935899,0,0.00%,0,0.00%
21.00%,30,0.3759,1048576,0.5,100,1,5000,0,0,100,59264,59264,940736,0.940736,0,0.00%,0,0.00%
21.50%,30,0.383775,1048576,0.5,100,1,5000,0,0,100,54646,54646,945354,0.945354,0,0.00%,0,0.00%
22.00%,30,0.3916,1048576,0.5,100,1,5000,0,0,100,59804,59804,940196,0.940196,0,0.00%,0,0.00%
22.50%,30,0.399375,1048576,0.5,100,1,5000,0,0,100,53958,53958,946042,0.946042,0,0.00%,0,0.00%
23.00%,30,0.4071,1048576,0.5,100,1,5000,0,0,100,51453,51453,948547,0.948547,0,0.00%,0,0.00%
23.50%,30,0.414775,1048576,0.5,100,1,5000,0,0,100,52870,52870,947130,0.94713,0,0.00%,0,0.00%
24.00%,30,0.4224,1048576,0.5,100,1,5000,0,0,100,49813,49813,950187,0.950187,0,0.00%,0,0.00%
24.50%,30,0.429975,1048576,0.5,100,1,5000,0,0,100,47274,47274,952726,0.952726,0,0.00%,0,0.00%
25.00%,30,0.4375,1048576,0.5,100,1,5000,0,0,100,44539,44539,955461,0.955461,0,0.00%,0,0.00%
0.50%,30,0.009975,1048576,0.5,100,2,5000,0,0,100,1000000,1000000,0,0,0,0.00%,0,0.00%
1.00%,30,0.0199,1048576,0.5,100,2,5000,0,0,100,1000000,1000000,0,0,0,0.00%,0,0.00%
1.50%,30,0.029775,1048576,0.5,100,2,5000,0,0,100,1000000,1000000,0,0,0,0.00%,0,0.00%
2.00%,30,0.0396,1048576,0.5,100,2,5000,0,0,100,1000000,1000000,0,0,0,0.00%,0,0.00%
2.50%,30,0.049375,1048576,0.5,100,2,5000,0,0,100,1000000,1000000,0,0,0,0.00%,0,0.00%
3.00%,30,0.0591,1048576,0.5,100,2,5000,0,0,100,1000000,1000000,0,0,0,0.00%,0,0.00%
3.50%,30,0.068775,1048576,0.5,100,2,5000,0,0,100,1000000,1000000,0,0,0,0.00%,0,0.00%
4.00%,30,0.0784,1048576,0.5,100,2,5000,0,0,100,1000000,1000000,0,0,0,0.00%,0,0.00%
4.50%,30,0.087975,1048576,0.5,100,2,5000,0,0,100,1000000,1000000,0,0,0,0.00%,0,0.00%
5.00%,30,0.0975,1048576,0.5,100,2,5000,0,0,100,1000000,1000000,0,0,0,0.00%,0,0.00%
5.50%,30,0.106975,1048576,0.5,100,2,5000,0,0,100,1000000,1000000,0,0,0,0.00%,0,0.00%
6.00%,30,0.1164,1048576,0.5,100,2,5000,0,0,100,999785,999785,215,0.000215,0,0.00%,0,0.00%
6.50%,30,0.125775,1048576,0.5,100,2,5000,0,0,100,988817,988817,11183,0.011183,0,0.00%,0,0.00%
7.00%,30,0.1351,1048576,0.5,100,2,5000,0,0,100,982625,982625,17375,0.017375,0,0.00%,0,0.00%
7.50%,30,0.144375,1048576,0.5,100,2,5000,0,0,100,924314,924314,75686,0.075686,0,0.00%,0,0.00%
8.00%,30,0.1536,1048576,0.5,100,2,5000,0,0,100,826557,826557,173443,0.173443,0,0.00%,0,0.00%
8.50%,30,0.162775,1048576,0.5,100,2,5000,0,0,100,790256,790256,209744,0.209744,0,0.00%,0,0.00%
9.00%,30,0.1719,1048576,0.5,100,2,5000,0,0,100,750879,750879,249121,0.249121,0,0.00%,0,0.00%
9.50%,30,0.180975,1048576,0.5,100,2,5000,0,0,100,667758,667758,332242,0.332242,0,0.00%,0,0.00%
10.00%,30,0.19,1048576,0.5,100,2,5000,0,0,100,599563,599563,400437,0.400437,0,0.00%,0,0.00%
10.50%,30,0.198975,1048576,0.5,100,2,5000,0,0,100,470136,470136,529864,0.529864,0,0.00%,0,0.00%
11.00%,30,0.2079,1048576,0.5,100,2,5000,0,0,100,389638,389638,610362,0.610362,0,0.00%,0,0.00%
11.50%,30,0.216775,1048576,0.5,100,2,5000,0,0,100,327664,327664,672336,0.672336,0,0.00%,0,0.00%
12.00%,30,0.2256,1048576,0.5,100,2,5000,0,0,100,344391,344391,655609,0.655609,0,0.00%,0,0.00%
12.50%,30,0.234375,1048576,0.5,100,2,5000,0,0,100,277755,277755,722245,0.722245,0,0.00%,0,0.00%
13.00%,30,0.2431,1048576,0.5,100,2,5000,0,0,100,233148,233148,766852,0.766852,0,0.00%,0,0.00%
13.50%,30,0.251775,1048576,0.5,100,2,5000,0,0,100,242615,242615,757385,0.757385,0,0.00%,0,0.00%
14.00%,30,0.2604,1048576,0.5,100,2,5000,0,0,100,212432,212432,787568,0.787568,0,0.00%,0,0.00%
14.50%,30,0.268975,1048576,0.5,100,2,5000,0,0,100,215438,215438,784562,0.784562,0,0.00%,0,0.00%
15.00%,30,0.2775,1048576,0.5,100,2,5000,0,0,100,204366,204366,795634,0.795634,0,0.00%,0,0.00%
15.50%,30,0.285975,1048576,0.5,100,2,5000,0,0,100,172694,172694,827306,0.827306,0,0.00%,0,0.00%
16.00%,30,0.2944,1048576,0.5,100,2,5000,0,0,100,162762,162762,837238,0.837238,0,0.00%,0,0.00%
16.50%,30,0.302775,1048576,0.5,100,2,5000,0,0,100,156614,156614,843386,0.843386,0,0.00%,0,0.00%
17.00%,30,0.3111,1048576,0.5,100,2,5000,0,0,100,134332,134332,865668,0.865668,0,0.00%,0,0.00%
17.50%,30,0.319375,1048576,0.5,100,2,5000,0,0,100,145634,145634,854366,0.854366,0,0.00%,0,0.00%
18.00%,30,0.3276,1048576,0.5,100,2,5000,0,0,100,128872,128872,871128,0.871128,0,0.00%,0,0.00%
18.50%,30,0.335775,1048576,0.5,100,2,5000,0,0,100,120682,120682,879318,0.879318,0,0.00%,0,0.00%
19.00%,30,0.3439,1048576,0.5,100,2,5000,0,0,100,110972,110972,889028,0.889028,0,0.00%,0,0.00%
19.50%,30,0.351975,1048576,0.5,100,2,5000,0,0,100,99494,99494,900506,0.900506,0,0.00%,0,0.00%
20.00%,30,0.36,1048576,0.5,100,2,5000,0,0,100,106348,106348,893652,0.893652,0,0.00%,0,0.00%
20.50%,30,0.367975,1048576,0.5,100,2,5000,0,0,100,102829,102829,897171,0.897171,0,0.00%,0,0.00%
21.00%,30,0.3759,1048576,0.5,100,2,5000,0,0,100,90281,90281,909719,0.909719,0,0.00%,0,0.00%
21.50%,30,0.383775,1048576,0.5,100,2,5000,0,0,100,91638,91638,908362,0.908362,0,0.00%,0,0.00%
22.00%,30,0.3916,1048576,0.5,100,2,5000,0,0,100,90100,90100,909900,0.9099,0,0.00%,0,0.00%
22.50%,30,0.399375,1048576,0.5,100,2,5000,0,0,100,81916,81916,918084,0.918084,0,0.00%,0,0.00%
23.00%,30,0.4071,1048576,0.5,100,2,5000,0,0,100,82245,82245,917755,0.917755,0,0.00%,0,0.00%
23.50%,30,0.414775,1048576,0.5,100,2,5000,0,0,100,76795,76795,923205,0.923205,0,0.00%,0,0.00%
24.00%,30,0.4224,1048576,0.5,100,2,5000,0,0,100,73718,73718,926282,0.926282,0,0.00%,0,0.00%
24.50%,30,0.429975,1048576,0.5,100,2,5000,0,0,100,70385,70385,929615,0.929615,0,0.00%,0,0.00%
25.00%,30,0.4375,1048576,0.5,100,2,5000,0,0,100,67512,67512,932488,0.932488,0,0.00%,0,0.00%
0.50%,30,0.009975,1048576,0.5,100,3,5000,0,0,100,1000000,1000000,0,0,0,0.00%,0,0.00%
1.00%,30,0.0199,1048576,0.5,100,3,5000,0,0,100,1000000,1000000,0,0,0,0.00%,0,0.00%
1.50%,30,0.029775,1048576,0.5,100,3,5000,0,0,100,1000000,1000000,0,0,0,0.00%,0,0.00%
2.00%,30,0.0396,1048576,0.5,100,3,5000,0,0,100,1000000,1000000,0,0,0,0.00%,0,0.00%
2.50%,30,0.049375,1048576,0.5,100,3,5000,0,0,100,1000000,1000000,0,0,0,0.00%,0,0.00%
3.00%,30,0.0591,1048576,0.5,100,3,5000,0,0,100,1000000,1000000,0,0,0,0.00%,0,0.00%
3.50%,30,0.068775,1048576,0.5,100,3,5000,0,0,100,1000000,1000000,0,0,0,0.00%,0,0.00%
4.00%,30,0.0784,1048576,0.5,100,3,5000,0,0,100,1000000,1000000,0,0,0,0.00%,0,0.00%
4.50%,30,0.087975,1048576,0.5,100,3,5000,0,0,100,1000000,1000000,0,0,0,0.00%,0,0.00%
5.00%,30,0.0975,1048576,0.5,100,3,5000,0,0,100,1000000,1000000,0,0,0,0.00%,0,0.00%
5.50%,30,0.106975,1048576,0.5,100,3,5000,0,0,100,1000000,1000000,0,0,0,0.00%,0,0.00%
6.00%,30,0.1164,1048576,0.5,100,3,5000,0,0,100,1000000,1000000,0,0,0,0.00%,0,0.00%
6.50%,30,0.125775,1048576,0.5,100,3,5000,0,0,100,999333,999333,667,0.000667,0,0.00%,0,0.00%
7.00%,30,0.1351,1048576,0.5,100,3,5000,0,0,100,999565,999565,435,0.000435,0,0.00%,0,0.00%
7.50%,30,0.144375,1048576,0.5,100,3,5000,0,0,100,1000000,1000000,0,0,0,0.00%,0,0.00%
8.00%,30,0.1536,1048576,0.5,100,3,5000,0,0,100,990927,990927,9073,0.009073,0,0.00%,0,0.00%
8.50%,30,0.162775,1048576,0.5,100,3,5000,0,0,100,936033,936033,63967,0.063967,0,0.00%,0,0.00%
9.00%,30,0.1719,1048576,0.5,100,3,5000,0,0,100,911153,911153,88847,0.088847,0,0.00%,0,0.00%
9.50%,30,0.180975,1048576,0.5,100,3,5000,0,0,100,839018,839018,160982,0.160982,0,0.00%,0,0.00%
10.00%,30,0.19,1048576,0.5,100,3,5000,0,0,100,733091,733091,266909,0.266909,0,0.00%,0,0.00%
10.50%,30,0.198975,1048576,0.5,100,3,5000,0,0,100,747614,747614,252386,0.252386,0,0.00%,0,0.00%
11.00%,30,0.2079,1048576,0.5,100,3,5000,0,0,100,483327,483327,516673,0.516673,0,0.00%,0,0.00%
11.50%,30,0.216775,1048576,0.5,100,3,5000,0,0,100,459028,459028,540972,0.540972,0,0.00%,0,0.00%
12.00%,30,0.2256,1048576,0.5,100,3,5000,0,0,100,420559,420559,579441,0.579441,0,0.00%,0,0.00%
12.50%,30,0.234375,1048576,0.5,100,3,5000,0,0,100,367637,367637,632363,0.632363,0,0.00%,0,0.00%
13.00%,30,0.2431,1048576,0.5,100,3,5000,0,0,100,350873,350873,649127,0.649127,0,0.00%,0,0.00%
13.50%,30,0.251775,1048576,0.5,100,3,5000,0,0,100,307464,307464,692536,0.692536,0,0.00%,0,0.00%
14.00%,30,0.2604,1048576,0.5,100,3,5000,0,0,100,279618,279618,720382,0.720382,0,0.00%,0,0.00%
14.50%,30,0.268975,1048576,0.5,100,3,5000,0,0,100,227227,227227,772773,0.772773,0,0.00%,0,0.00%
15.00%,30,0.2775,1048576,0.5,100,3,5000,0,0,100,241604,241604,758396,0.758396,0,0.00%,0,0.00%
15.50%,30,0.285975,1048576,0.5,100,3,5000,0,0,100,208557,208557,791443,0.791443,0,0.00%,0,0.00%
16.00%,30,0.2944,1048576,0.5,100,3,5000,0,0,100,222327,222327,777673,0.777673,0,0.00%,0,0.00%
16.50%,30,0.302775,1048576,0.5,100,3,5000,0,0,100,183996,183996,816004,0.816004,0,0.00%,0,0.00%
17.00%,30,0.3111,1048576,0.5,100,3,5000,0,0,100,177482,177482,822518,0.822518,0,0.00%,0,0.00%
17.50%,30,0.319375,1048576,0.5,100,3,5000,0,0,100,167440,167440,832560,0.83256,0,0.00%,0,0.00%
18.00%,30,0.3276,1048576,0.5,100,3,5000,0,0,100,151634,151634,848366,0.848366,0,0.00%,0,0.00%
18.50%,30,0.335775,1048576,0.5,100,3,5000,0,0,100,146279,146279,853721,0.853721,0,0.00%,0,0.00%
19.00%,30,0.3439,1048576,0.5,100,3,5000,0,0,100,134780,134780,865220,0.86522,0,0.00%,0,0.00%
19.50%,30,0.351975,1048576,0.5,100,3,5000,0,0,100,131081,131081,868919,0.868919,0,0.00%,0,0.00%
20.00%,30,0.36,1048576,0.5,100,3,5000,0,0,100,128433,128433,871567,0.871567,0,0.00%,0,0.00%
20.50%,30,0.367975,1048576,0.5,100,3,5000,0,0,100,123371,123371,876629,0.876629,0,0.00%,0,0.00%
21.00%,30,0.3759,1048576,0.5,100,3,5000,0,0,100,120460,120460,879540,0.87954,0,0.00%,0,0.00%
21.50%,30,0.383775,1048576,0.5,100,3,5000,0,0,100,116700,116700,883300,0.8833,0,0.00%,0,0.00%
22.00%,30,0.3916,1048576,0.5,100,3,5000,0,0,100,111798,111798,888202,0.888202,0,0.00%,0,0.00%
22.50%,30,0.399375,1048576,0.5,100,3,5000,0,0,100,107877,107877,892123,0.892123,0,0.00%,0,0.00%
23.00%,30,0.4071,1048576,0.5,100,3,5000,0,0,100,92407,92407,907593,0.907593,0,0.00%,0,0.00%
23.50%,30,0.414775,1048576,0.5,100,3,5000,0,0,100,103604,103604,896396,0.896396,0,0.00%,0,0.00%
24.00%,30,0.4224,1048576,0.5,100,3,5000,0,0,100,93981,93981,906019,0.906019,0,0.00%,0,0.00%
24.50%,30,0.429975,1048576,0.5,100,3,5000,0,0,100,89418,89418,910582,0.910582,0,0.00%,0,0.00%
25.00%,30,0.4375,1048576,0.5,100,3,5000,0,0,100,89878,89878,910122,0.910122,0,0.00%,0,0.00%
0.50%,30,0.009975,1048576,0.5,100,4,5000,0,0,100,1000000,1000000,0,0,0,0.00%,0,0.00%
1.00%,30,0.0199,1048576,0.5,100,4,5000,0,0,100,1000000,1000000,0,0,0,0.00%,0,0.00%
1.50%,30,0.029775,1048576,0.5,100,4,5000,0,0,100,1000000,1000000,0,0,0,0.00%,0,0.00%
2.00%,30,0.0396,1048576,0.5,100,4,5000,0,0,100,1000000,1000000,0,0,0,0.00%,0,0.00%
2.50%,30,0.049375,1048576,0.5,100,4,5000,0,0,100,1000000,1000000,0,0,0,0.00%,0,0.00%
3.00%,30,0.0591,1048576,0.5,100,4,5000,0,0,100,1000000,1000000,0,0,0,0.00%,0,0.00%
3.50%,30,0.068775,1048576,0.5,100,4,5000,0,0,100,1000000,1000000,0,0,0,0.00%,0,0.00%
4.00%,30,0.0784,1048576,0.5,100,4,5000,0,0,100,1000000,1000000,0,0,0,0.00%,0,0.00%
4.50%,30,0.087975,1048576,0.5,100,4,5000,0,0,100,999052,999052,948,0.000948,0,0.00%,0,0.00%
5.00%,30,0.0975,1048576,0.5,100,4,5000,0,0,100,1000000,1000000,0,0,0,0.00%,0,0.00%
5.50%,30,0.106975,1048576,0.5,100,4,5000,0,0,100,1000000,1000000,0,0,0,0.00%,0,0.00%
6.00%,30,0.1164,1048576,0.5,100,4,5000,0,0,100,1000000,1000000,0,0,0,0.00%,0,0.00%
6.50%,30,0.125775,1048576,0.5,100,4,5000,0,0,100,1000000,1000000,0,0,0,0.00%,0,0.00%
7.00%,30,0.1351,1048576,0.5,100,4,5000,0,0,100,1000000,1000000,0,0,0,0.00%,0,0.00%
7.50%,30,0.144375,1048576,0.5,100,4,5000,0,0,100,999682,999682,318,0.000318,0,0.00%,0,0.00%
8.00%,30,0.1536,1048576,0.5,100,4,5000,0,0,100,999495,999495,505,0.000505,0,0.00%,0,0.00%
8.50%,30,0.162775,1048576,0.5,100,4,5000,0,0,100,991229,991229,8771,0.008771,0,0.00%,0,0.00%
9.00%,30,0.1719,1048576,0.5,100,4,5000,0,0,100,960953,960953,39047,0.039047,0,0.00%,0,0.00%
9.50%,30,0.180975,1048576,0.5,100,4,5000,0,0,100,890214,890214,109786,0.109786,0,0.00%,0,0.00%
10.00%,30,0.19,1048576,0.5,100,4,5000,0,0,100,817410,817410,182590,0.18259,0,0.00%,0,0.00%
10.50%,30,0.198975,1048576,0.5,100,4,5000,0,0,100,813132,813132,186868,0.186868,0,0.00%,0,0.00%
11.00%,30,0.2079,1048576,0.5,100,4,5000,0,0,100,671699,671699,328301,0.328301,0,0.00%,0,0.00%
11.50%,30,0.216775,1048576,0.5,100,4,5000,0,0,100,619625,619625,380375,0.380375,0,0.00%,0,0.00%
12.00%,30,0.2256,1048576,0.5,100,4,5000,0,0,100,536166,536166,463834,0.463834,0,0.00%,0,0.00%
12.50%,30,0.234375,1048576,0.5,100,4,5000,0,0,100,454588,454588,545412,0.545412,0,0.00%,0,0.00%
13.00%,30,0.2431,1048576,0.5,100,4,5000,0,0,100,440438,440438,559562,0.559562,0,0.00%,0,0.00%
13.50%,30,0.251775,1048576,0.5,100,4,5000,0,0,100,361159,361159,638841,0.638841,0,0.00%,0,0.00%
14.00%,30,0.2604,1048576,0.5,100,4,5000,0,0,100,336110,336110,663890,0.66389,0,0.00%,0,0.00%
14.50%,30,0.268975,1048576,0.5,100,4,5000,0,0,100,338380,338380,661620,0.66162,0,0.00%,0,0.00%
15.00%,30,0.2775,1048576,0.5,100,4,5000,0,0,100,302996,302996,697004,0.697004,0,0.00%,0,0.00%
15.50%,30,0.285975,1048576,0.5,100,4,5000,0,0,100,251246,251246,748754,0.748754,0,0.00%,0,0.00%
16.00%,30,0.2944,1048576,0.5,100,4,5000,0,0,100,221456,221456,778544,0.778544,0,0.00%,0,0.00%
16.50%,30,0.302775,1048576,0.5,100,4,5000,0,0,100,219072,219072,780928,0.780928,0,0.00%,0,0.00%
17.00%,30,0.3111,1048576,0.5,100,4,5000,0,0,100,200200,200200,799800,0.7998,0,0.00%,0,0.00%
17.50%,30,0.319375,1048576,0.5,100,4,5000,0,0,100,185527,185527,814473,0.814473,0,0.00%,0,0.00%
18.00%,30,0.3276,1048576,0.5,100,4,5000,0,0,100,167808,167808,832192,0.832192,0,0.00%,0,0.00%
18.50%,30,0.335775,1048576,0.5,100,4,5000,0,0,100,170495,170495,829505,0.829505,0,0.00%,0,0.00%
19.00%,30,0.3439,1048576,0.5,100,4,5000,0,0,100,145709,145709,854291,0.854291,0,0.00%,0,0.00%
19.50%,30,0.351975,1048576,0.5,100,4,5000,0,0,100,151232,151232,848768,0.848768,0,0.00%,0,0.00%
20.00%,30,0.36,1048576,0.5,100,4,5000,0,0,100,152356,152356,847644,0.847644,0,0.00%,0,0.00%
20.50%,30,0.367975,1048576,0.5,100,4,5000,0,0,100,140200,140200,859800,0.8598,0,0.00%,0,0.00%
21.00%,30,0.3759,1048576,0.5,100,4,5000,0,0,100,134835,134835,865165,0.865165,0,0.00%,0,0.00%
21.50%,30,0.383775,1048576,0.5,100,4,5000,0,0,100,134508,134508,865492,0.865492,0,0.00%,0,0.00%
22.00%,30,0.3916,1048576,0.5,100,4,5000,0,0,100,116732,116732,883268,0.883268,0,0.00%,0,0.00%
22.50%,30,0.399375,1048576,0.5,100,4,5000,0,0,100,121147,121147,878853,0.878853,0,0.00%,0,0.00%
23.00%,30,0.4071,1048576,0.5,100,4,5000,0,0,100,110588,110588,889412,0.889412,0,0.00%,0,0.00%
23.50%,30,0.414775,1048576,0.5,100,4,5000,0,0,100,121016,121016,878984,0.878984,0,0.00%,0,0.00%
24.00%,30,0.4224,1048576,0.5,100,4,5000,0,0,100,105878,105878,894122,0.894122,0,0.00%,0,0.00%
24.50%,30,0.429975,1048576,0.5,100,4,5000,0,0,100,106140,106140,893860,0.89386,0,0.00%,0,0.00%
25.00%,30,0.4375,1048576,0.5,100,4,5000,0,0,100,91473,91473,908527,0.908527,0,0.00%,0,0.00%
0.50%,30,0.009975,1048576,0.5,100,5,5000,0,0,100,1000000,1000000,0,0,0,0.00%,0,0.00%
1.00%,30,0.0199,1048576,0.5,100,5,5000,0,0,100,1000000,1000000,0,0,0,0.00%,0,0.00%
1.50%,30,0.029775,1048576,0.5,100,5,5000,0,0,100,1000000,1000000,0,0,0,0.00%,0,0.00%
2.00%,30,0.0396,1048576,0.5,100,5,5000,0,0,100,1000000,1000000,0,0,0,0.00%,0,0.00%
2.50%,30,0.049375,1048576,0.5,100,5,5000,0,0,100,1000000,1000000,0,0,0,0.00%,0,0.00%
3.00%,30,0.0591,1048576,0.5,100,5,5000,0,0,100,1000000,1000000,0,0,0,0.00%,0,0.00%
3.50%,30,0.068775,1048576,0.5,100,5,5000,0,0,100,1000000,1000000,0,0,0,0.00%,0,0.00%
4.00%,30,0.0784,1048576,0.5,100,5,5000,0,0,100,1000000,1000000,0,0,0,0.00%,0,0.00%
4.50%,30,0.087975,1048576,0.5,100,5,5000,0,0,100,1000000,1000000,0,0,0,0.00%,0,0.00%
5.00%,30,0.0975,1048576,0.5,100,5,5000,0,0,100,1000000,1000000,0,0,0,0.00%,0,0.00%
5.50%,30,0.106975,1048576,0.5,100,5,5000,0,0,100,1000000,1000000,0,0,0,0.00%,0,0.00%
6.00%,30,0.1164,1048576,0.5,100,5,5000,0,0,100,1000000,1000000,0,0,0,0.00%,0,0.00%
6.50%,30,0.125775,1048576,0.5,100,5,5000,0,0,100,1000000,1000000,0,0,0,0.00%,0,0.00%
7.00%,30,0.1351,1048576,0.5,100,5,5000,0,0,100,1000000,1000000,0,0,0,0.00%,0,0.00%
7.50%,30,0.144375,1048576,0.5,100,5,5000,0,0,100,999692,999692,308,0.000308,0,0.00%,0,0.00%
8.00%,30,0.1536,1048576,0.5,100,5,5000,0,0,100,992540,992540,7460,0.00746,0,0.00%,0,0.00%
8.50%,30,0.162775,1048576,0.5,100,5,5000,0,0,100,987274,987274,12726,0.012726,0,0.00%,0,0.00%
9.00%,30,0.1719,1048576,0.5,100,5,5000,0,0,100,985155,985155,14845,0.014845,0,0.00%,0,0.00%
9.50%,30,0.180975,1048576,0.5,100,5,5000,0,0,100,963609,963609,36391,0.036391,0,0.00%,0,0.00%
10.00%,30,0.19,1048576,0.5,100,5,5000,0,0,100,927536,927536,72464,0.072464,0,0.00%,0,0.00%
10.50%,30,0.198975,1048576,0.5,100,5,5000,0,0,100,873727,873727,126273,0.126273,0,0.00%,0,0.00%
11.00%,30,0.2079,1048576,0.5,100,5,5000,0,0,100,813822,813822,186178,0.186178,0,0.00%,0,0.00%
11.50%,30,0.216775,1048576,0.5,100,5,5000,0,0,100,725286,725286,274714,0.274714,0,0.00%,0,0.00%
12.00%,30,0.2256,1048576,0.5,100,5,5000,0,0,100,567263,567263,432737,0.432737,0,0.00%,0,0.00%
12.50%,30,0.234375,1048576,0.5,100,5,5000,0,0,100,520749,520749,479251,0.479251,0,0.00%,0,0.00%
13.00%,30,0.2431,1048576,0.5,100,5,5000,0,0,100,429423,429423,570577,0.570577,0,0.00%,0,0.00%
13.50%,30,0.251775,1048576,0.5,100,5,5000,0,0,100,386284,386284,613716,0.613716,0,0.00%,0,0.00%
14.00%,30,0.2604,1048576,0.5,100,5,5000,0,0,100,367962,367962,632038,0.632038,0,0.00%,0,0.00%
14.50%,30,0.268975,1048576,0.5,100,5,5000,0,0,100,341753,341753,658247,0.658247,0,0.00%,0,0.00%
15.00%,30,0.2775,1048576,0.5,100,5,5000,0,0,100,286884,286884,713116,0.713116,0,0.00%,0,0.00%
15.50%,30,0.285975,1048576,0.5,100,5,5000,0,0,100,278862,278862,721138,0.721138,0,0.00%,0,0.00%
16.00%,30,0.2944,1048576,0.5,100,5,5000,0,0,100,223065,223065,776935,0.776935,0,0.00%,0,0.00%
16.50%,30,0.302775,1048576,0.5,100,5,5000,0,0,100,237761,237761,762239,0.762239,0,0.00%,0,0.00%
17.00%,30,0.3111,1048576,0.5,100,5,5000,0,0,100,220097,220097,779903,0.779903,0,0.00%,0,0.00%
17.50%,30,0.319375,1048576,0.5,100,5,5000,0,0,100,182781,182781,817219,0.817219,0,0.00%,0,0.00%
18.00%,30,0.3276,1048576,0.5,100,5,5000,0,0,100,192496,192496,807504,0.807504,0,0.00%,0,0.00%
18.50%,30,0.335775,1048576,0.5,100,5,5000,0,0,100,194242,194242,805758,0.805758,0,0.00%,0,0.00%
19.00%,30,0.3439,1048576,0.5,100,5,5000,0,0,100,166058,166058,833942,0.833942,0,0.00%,0,0.00%
19.50%,30,0.351975,1048576,0.5,100,5,5000,0,0,100,169423,169423,830577,0.830577,0,0.00%,0,0.00%
20.00%,30,0.36,1048576,0.5,100,5,5000,0,0,100,160792,160792,839208,0.839208,0,0.00%,0,0.00%
20.50%,30,0.367975,1048576,0.5,100,5,5000,0,0,100,153314,153314,846686,0.846686,0,0.00%,0,0.00%
21.00%,30,0.3759,1048576,0.5,100,5,5000,0,0,100,145482,145482,854518,0.854518,0,0.00%,0,0.00%
21.50%,30,0.383775,1048576,0.5,100,5,5000,0,0,100,139160,139160,860840,0.86084,0,0.00%,0,0.00%
22.00%,30,0.3916,1048576,0.5,100,5,5000,0,0,100,138315,138315,861685,0.861685,0,0.00%,0,0.00%
22.50%,30,0.399375,1048576,0.5,100,5,5000,0,0,100,138033,138033,861967,0.861967,0,0.00%,0,0.00%
23.00%,30,0.4071,1048576,0.5,100,5,5000,0,0,100,124619,124619,875381,0.875381,0,0.00%,0,0.00%
23.50%,30,0.414775,1048576,0.5,100,5,5000,0,0,100,115995,115995,884005,0.884005,0,0.00%,0,0.00%
24.00%,30,0.4224,1048576,0.5,100,5,5000,0,0,100,106235,106235,893765,0.893765,0,0.00%,0,0.00%
24.50%,30,0.429975,1048576,0.5,100,5,5000,0,0,100,120160,120160,879840,0.87984,0,0.00%,0,0.00%
25.00%,30,0.4375,1048576,0.5,100,5,5000,0,0,100,106505,106505,893495,0.893495,0,0.00%,0,0.00%
0.50%,30,0.009975,1048576,0.5,100,6,5000,0,0,100,1000000,1000000,0,0,0,0.00%,0,0.00%
1.00%,30,0.0199,1048576,0.5,100,6,5000,0,0,100,1000000,1000000,0,0,0,0.00%,0,0.00%
1.50%,30,0.029775,1048576,0.5,100,6,5000,0,0,100,1000000,1000000,0,0,0,0.00%,0,0.00%
2.00%,30,0.0396,1048576,0.5,100,6,5000,0,0,100,1000000,1000000,0,0,0,0.00%,0,0.00%
2.50%,30,0.049375,1048576,0.5,100,6,5000,0,0,100,1000000,1000000,0,0,0,0.00%,0,0.00%
3.00%,30,0.0591,1048576,0.5,100,6,5000,0,0,100,1000000,1000000,0,0,0,0.00%,0,0.00%
3.50%,30,0.068775,1048576,0.5,100,6,5000,0,0,100,1000000,1000000,0,0,0,0.00%,0,0.00%
4.00%,30,0.0784,1048576,0.5,100,6,5000,0,0,100,1000000,1000000,0,0,0,0.00%,0,0.00%
4.50%,30,0.087975,1048576,0.5,100,6,5000,0,0,100,1000000,1000000,0,0,0,0.00%,0,0.00%
5.00%,30,0.0975,1048576,0.5,100,6,5000,0,0,100,1000000,1000000,0,0,0,0.00%,0,0.00%
5.50%,30,0.106975,1048576,0.5,100,6,5000,0,0,100,1000000,1000000,0,0,0,0.00%,0,0.00%
6.00%,30,0.1164,1048576,0.5,100,6,5000,0,0,100,1000000,1000000,0,0,0,0.00%,0,0.00%
6.50%,30,0.125775,1048576,0.5,100,6,5000,0,0,100,1000000,1000000,0,0,0,0.00%,0,0.00%
7.00%,30,0.1351,1048576,0.5,100,6,5000,0,0,100,1000000,1000000,0,0,0,0.00%,0,0.00%
7.50%,30,0.144375,1048576,0.5,100,6,5000,0,0,100,1000000,1000000,0,0,0,0.00%,0,0.00%
8.00%,30,0.1536,1048576,0.5,100,6,5000,0,0,100,999599,999599,401,0.000401,0,0.00%,0,0.00%
8.50%,30,0.162775,1048576,0.5,100,6,5000,0,0,100,997251,997251,2749,0.002749,0,0.00%,0,0.00%
9.00%,30,0.1719,1048576,0.5,100,6,5000,0,0,100,986800,986800,13200,0.0132,0,0.00%,0,0.00%
9.50%,30,0.180975,1048576,0.5,100,6,5000,0,0,100,938508,938508,61492,0.061492,0,0.00%,0,0.00%
10.00%,30,0.19,1048576,0.5,100,6,5000,0,0,100,849111,849111,150889,0.150889,0,0.00%,0,0.00%
10.50%,30,0.198975,1048576,0.5,100,6,5000,0,0,100,852443,852443,147557,0.147557,0,0.00%,0,0.00%
11.00%,30,0.2079,1048576,0.5,100,6,5000,0,0,100,728989,728989,271011,0.271011,0,0.00%,0,0.00%
11.50%,30,0.216775,1048576,0.5,100,6,5000,0,0,100,566627,566627,433373,0.433373,0,0.00%,0,0.00%
12.00%,30,0.2256,1048576,0.5,100,6,5000,0,0,100,666909,666909,333091,0.333091,0,0.00%,0,0.00%
12.50%,30,0.234375,1048576,0.5,100,6,5000,0,0,100,486149,486149,513851,0.513851,0,0.00%,0,0.00%
13.00%,30,0.2431,1048576,0.5,100,6,5000,0,0,100,446766,446766,553234,0.553234,0,0.00%,0,0.00%
13.50%,30,0.251775,1048576,0.5,100,6,5000,0,0,100,416794,416794,583206,0.583206,0,0.00%,0,0.00%
14.00%,30,0.2604,1048576,0.5,100,6,5000,0,0,100,383529,383529,616471,0.616471,0,0.00%,0,0.00%
14.50%,30,0.268975,1048576,0.5,100,6,5000,0,0,100,330549,330549,669451,0.669451,0,0.00%,0,0.00%
15.00%,30,0.2775,1048576,0.5,100,6,5000,0,0,100,276248,276248,723752,0.723752,0,0.00%,0,0.00%
15.50%,30,0.285975,1048576,0.5,100,6,5000,0,0,100,267022,267022,732978,0.732978,0,0.00%,0,0.00%
16.00%,30,0.2944,1048576,0.5,100,6,5000,0,0,100,253395,253395,746605,0.746605,0,0.00%,0,0.00%
16.50%,30,0.302775,1048576,0.5,100,6,5000,0,0,100,237016,237016,762984,0.762984,0,0.00%,0,0.00%
17.00%,30,0.3111,1048576,0.5,100,6,5000,0,0,100,247458,247458,752542,0.752542,0,0.00%,0,0.00%
17.50%,30,0.319375,1048576,0.5,100,6,5000,0,0,100,229794,229794,770206,0.770206,0,0.00%,0,0.00%
18.00%,30,0.3276,1048576,0.5,100,6,5000,0,0,100,203676,203676,796324,0.796324,0,0.00%,0,0.00%
18.50%,30,0.335775,1048576,0.5,100,6,5000,0,0,100,185712,185712,814288,0.814288,0,0.00%,0,0.00%
19.00%,30,0.3439,1048576,0.5,100,6,5000,0,0,100,187029,187029,812971,0.812971,0,0.00%,0,0.00%
19.50%,30,0.351975,1048576,0.5,100,6,5000,0,0,100,158388,158388,841612,0.841612,0,0.00%,0,0.00%
20.00%,30,0.36,1048576,0.5,100,6,5000,0,0,100,152580,152580,847420,0.84742,0,0.00%,0,0.00%
20.50%,30,0.367975,1048576,0.5,100,6,5000,0,0,100,154381,154381,845619,0.845619,0,0.00%,0,0.00%
21.00%,30,0.3759,1048576,0.5,100,6,5000,0,0,100,163668,163668,836332,0.836332,0,0.00%,0,0.00%
21.50%,30,0.383775,1048576,0.5,100,6,5000,0,0,100,122700,122700,877300,0.8773,0,0.00%,0,0.00%
22.00%,30,0.3916,1048576,0.5,100,6,5000,0,0,100,130063,130063,869937,0.869937,0,0.00%,0,0.00%
22.50%,30,0.399375,1048576,0.5,100,6,5000,0,0,100,125769,125769,874231,0.874231,0,0.00%,0,0.00%
23.00%,30,0.4071,1048576,0.5,100,6,5000,0,0,100,117534,117534,882466,0.882466,0,0.00%,0,0.00%
23.50%,30,0.414775,1048576,0.5,100,6,5000,0,0,100,109080,109080,890920,0.89092,0,0.00%,0,0.00%
24.00%,30,0.4224,1048576,0.5,100,6,5000,0,0,100,109650,109650,890350,0.89035,0,0.00%,0,0.00%
24.50%,30,0.429975,1048576,0.5,100,6,5000,0,0,100,113739,113739,886261,0.886261,0,0.00%,0,0.00%
25.00%,30,0.4375,1048576,0.5,100,6,5000,0,0,100,106698,106698,893302,0.893302,0,0.00%,0,0.00%
0.50%,30,0.009975,1048576,0.5,100,7,5000,0,0,100,1000000,1000000,0,0,0,0.00%,0,0.00%
1.00%,30,0.0199,1048576,0.5,100,7,5000,0,0,100,1000000,1000000,0,0,0,0.00%,0,0.00%
1.50%,30,0.029775,1048576,0.5,100,7,5000,0,0,100,1000000,1000000,0,0,0,0.00%,0,0.00%
2.00%,30,0.0396,1048576,0.5,100,7,5000,0,0,100,1000000,1000000,0,0,0,0.00%,0,0.00%
2.50%,30,0.049375,1048576,0.5,100,7,5000,0,0,100,1000000,1000000,0,0,0,0.00%,0,0.00%
3.00%,30,0.0591,1048576,0.5,100,7,5000,0,0,100,1000000,1000000,0,0,0,0.00%,0,0.00%
3.50%,30,0.068775,1048576,0.5,100,7,5000,0,0,100,1000000,1000000,0,0,0,0.00%,0,0.00%
4.00%,30,0.0784,1048576,0.5,100,7,5000,0,0,100,1000000,1000000,0,0,0,0.00%,0,0.00%
4.50%,30,0.087975,1048576,0.5,100,7,5000,0,0,100,999743,999743,257,0.000257,0,0.00%,0,0.00%
5.00%,30,0.0975,1048576,0.5,100,7,5000,0,0,100,1000000,1000000,0,0,0,0.00%,0,0.00%
5.50%,30,0.106975,1048576,0.5,100,7,5000,0,0,100,1000000,1000000,0,0,0,0.00%,0,0.00%
6.00%,30,0.1164,1048576,0.5,100,7,5000,0,0,100,1000000,1000000,0,0,0,0.00%,0,0.00%
6.50%,30,0.125775,1048576,0.5,100,7,5000,0,0,100,1000000,1000000,0,0,0,0.00%,0,0.00%
7.00%,30,0.1351,1048576,0.5,100,7,5000,0,0,100,1000000,1000000,0,0,0,0.00%,0,0.00%
7.50%,30,0.144375,1048576,0.5,100,7,5000,0,0,100,999558,999558,442,0.000442,0,0.00%,0,0.00%
8.00%,30,0.1536,1048576,0.5,100,7,5000,0,0,100,1000000,1000000,0,0,0,0.00%,0,0.00%
8.50%,30,0.162775,1048576,0.5,100,7,5000,0,0,100,998771,998771,1229,0.001229,0,0.00%,0,0.00%
9.00%,30,0.1719,1048576,0.5,100,7,5000,0,0,100,986612,986612,13388,0.013388,0,0.00%,0,0.00%
9.50%,30,0.180975,1048576,0.5,100,7,5000,0,0,100,984144,984144,15856,0.015856,0,0.00%,0,0.00%
10.00%,30,0.19,1048576,0.5,100,7,5000,0,0,100,973074,973074,26926,0.026926,0,0.00%,0,0.00%
10.50%,30,0.198975,1048576,0.5,100,7,5000,0,0,100,925936,925936,74064,0.074064,0,0.00%,0,0.00%
11.00%,30,0.2079,1048576,0.5,100,7,5000,0,0,100,910125,910125,89875,0.089875,0,0.00%,0,0.00%
11.50%,30,0.216775,1048576,0.5,100,7,5000,0,0,100,778052,778052,221948,0.221948,0,0.00%,0,0.00%
12.00%,30,0.2256,1048576,0.5,100,7,5000,0,0,100,639270,639270,360730,0.36073,0,0.00%,0,0.00%
12.50%,30,0.234375,1048576,0.5,100,7,5000,0,0,100,667856,667856,332144,0.332144,0,0.00%,0,0.00%
13.00%,30,0.2431,1048576,0.5,100,7,5000,0,0,100,558149,558149,441851,0.441851,0,0.00%,0,0.00%
13.50%,30,0.251775,1048576,0.5,100,7,5000,0,0,100,480612,480612,519388,0.519388,0,0.00%,0,0.00%
14.00%,30,0.2604,1048576,0.5,100,7,5000,0,0,100,434482,434482,565518,0.565518,0,0.00%,0,0.00%
14.50%,30,0.268975,1048576,0.5,100,7,5000,0,0,100,352030,352030,647970,0.64797,0,0.00%,0,0.00%
15.00%,30,0.2775,1048576,0.5,100,7,5000,0,0,100,336231,336231,663769,0.663769,0,0.00%,0,0.00%
15.50%,30,0.285975,1048576,0.5,100,7,5000,0,0,100,291856,291856,708144,0.708144,0,0.00%,0,0.00%
16.00%,30,0.2944,1048576,0.5,100,7,5000,0,0,100,327818,327818,672182,0.672182,0,0.00%,0,0.00%
16.50%,30,0.302775,1048576,0.5,100,7,5000,0,0,100,286357,286357,713643,0.713643,0,0.00%,0,0.00%
17.00%,30,0.3111,1048576,0.5,100,7,5000,0,0,100,287418,287418,712582,0.712582,0,0.00%,0,0.00%
17.50%,30,0.319375,1048576,0.5,100,7,5000,0,0,100,243985,243985,756015,0.756015,0,0.00%,0,0.00%
18.00%,30,0.3276,1048576,0.5,100,7,5000,0,0,100,239302,239302,760698,0.760698,0,0.00%,0,0.00%
18.50%,30,0.335775,1048576,0.5,100,7,5000,0,0,100,214608,214608,785392,0.785392,0,0.00%,0,0.00%
19.00%,30,0.3439,1048576,0.5,100,7,5000,0,0,100,208259,208259,791741,0.791741,0,0.00%,0,0.00%
19.50%,30,0.351975,1048576,0.5,100,7,5000,0,0,100,197935,197935,802065,0.802065,0,0.00%,0,0.00%
20.00%,30,0.36,1048576,0.5,100,7,5000,0,0,100,168252,168252,831748,0.831748,0,0.00%,0,0.00%
20.50%,30,0.367975,1048576,0.5,100,7,5000,0,0,100,172475,172475,827525,0.827525,0,0.00%,0,0.00%
21.00%,30,0.3759,1048576,0.5,100,7,5000,0,0,100,165949,165949,834051,0.834051,0,0.00%,0,0.00%
21.50%,30,0.383775,1048576,0.5,100,7,5000,0,0,100,156828,156828,843172,0.843172,0,0.00%,0,0.00%
22.00%,30,0.3916,1048576,0.5,100,7,5000,0,0,100,153300,153300,846700,0.8467,0,0.00%,0,0.00%
22.50%,30,0.399375,1048576,0.5,100,7,5000,0,0,100,145739,145739,854261,0.854261,0,0.00%,0,0.00%
23.00%,30,0.4071,1048576,0.5,100,7,5000,0,0,100,141554,141554,858446,0.858446,0,0.00%,0,0.00%
23.50%,30,0.414775,1048576,0.5,100,7,5000,0,0,100,132614,132614,867386,0.867386,0,0.00%,0,0.00%
24.00%,30,0.4224,1048576,0.5,100,7,5000,0,0,100,113535,113535,886465,0.886465,0,0.00%,0,0.00%
24.50%,30,0.429975,1048576,0.5,100,7,5000,0,0,100,115385,115385,884615,0.884615,0,0.00%,0,0.00%
25.00%,30,0.4375,1048576,0.5,100,7,5000,0,0,100,110445,110445,889555,0.889555,0,0.00%,0,0.00%
0.50%,30,0.009975,1048576,0.5,100,8,5000,0,0,100,1000000,1000000,0,0,0,0.00%,0,0.00%
1.00%,30,0.0199,1048576,0.5,100,8,5000,0,0,100,1000000,1000000,0,0,0,0.00%,0,0.00%
1.50%,30,0.029775,1048576,0.5,100,8,5000,0,0,100,1000000,1000000,0,0,0,0.00%,0,0.00%
2.00%,30,0.0396,1048576,0.5,100,8,5000,0,0,100,1000000,1000000,0,0,0,0.00%,0,0.00%
2.50%,30,0.049375,1048576,0.5,100,8,5000,0,0,100,1000000,1000000,0,0,0,0.00%,0,0.00%
3.00%,30,0.0591,1048576,0.5,100,8,5000,0,0,100,1000000,1000000,0,0,0,0.00%,0,0.00%
3.50%,30,0.068775,1048576,0.5,100,8,5000,0,0,100,1000000,1000000,0,0,0,0.00%,0,0.00%
4.00%,30,0.0784,1048576,0.5,100,8,5000,0,0,100,1000000,1000000,0,0,0,0.00%,0,0.00%
4.50%,30,0.087975,1048576,0.5,100,8,5000,0,0,100,1000000,1000000,0,0,0,0.00%,0,0.00%
5.00%,30,0.0975,1048576,0.5,100,8,5000,0,0,100,1000000,1000000,0,0,0,0.00%,0,0.00%
5.50%,30,0.106975,1048576,0.5,100,8,5000,0,0,100,1000000,1000000,0,0,0,0.00%,0,0.00%
6.00%,30,0.1164,1048576,0.5,100,8,5000,0,0,100,1000000,1000000,0,0,0,0.00%,0,0.00%
6.50%,30,0.125775,1048576,0.5,100,8,5000,0,0,100,1000000,1000000,0,0,0,0.00%,0,0.00%
7.00%,30,0.1351,1048576,0.5,100,8,5000,0,0,100,1000000,1000000,0,0,0,0.00%,0,0.00%
7.50%,30,0.144375,1048576,0.5,100,8,5000,0,0,100,998277,998277,1723,0.001723,0,0.00%,0,0.00%
8.00%,30,0.1536,1048576,0.5,100,8,5000,0,0,100,998540,998540,1460,0.00146,0,0.00%,0,0.00%
8.50%,30,0.162775,1048576,0.5,100,8,5000,0,0,100,998854,998854,1146,0.001146,0,0.00%,0,0.00%
9.00%,30,0.1719,1048576,0.5,100,8,5000,0,0,100,983828,983828,16172,0.016172,0,0.00%,0,0.00%
9.50%,30,0.180975,1048576,0.5,100,8,5000,0,0,100,988266,988266,11734,0.011734,0,0.00%,0,0.00%
10.00%,30,0.19,1048576,0.5,100,8,5000,0,0,100,962361,962361,37639,0.037639,0,0.00%,0,0.00%
10.50%,30,0.198975,1048576,0.5,100,8,5000,0,0,100,932072,932072,67928,0.067928,0,0.00%,0,0.00%
11.00%,30,0.2079,1048576,0.5,100,8,5000,0,0,100,911215,911215,88785,0.088785,0,0.00%,0,0.00%
11.50%,30,0.216775,1048576,0.5,100,8,5000,0,0,100,867961,867961,132039,0.132039,0,0.00%,0,0.00%
12.00%,30,0.2256,1048576,0.5,100,8,5000,0,0,100,715044,715044,284956,0.284956,0,0.00%,0,0.00%
12.50%,30,0.234375,1048576,0.5,100,8,5000,0,0,100,710749,710749,289251,0.289251,0,0.00%,0,0.00%
13.00%,30,0.2431,1048576,0.5,100,8,5000,0,0,100,594729,594729,405271,0.405271,0,0.00%,0,0.00%
13.50%,30,0.251775,1048576,0.5,100,8,5000,0,0,100,514530,514530,485470,0.48547,0,0.00%,0,0.00%
14.00%,30,0.2604,1048576,0.5,100,8,5000,0,0,100,445263,445263,554737,0.554737,0,0.00%,0,0.00%
14.50%,30,0.268975,1048576,0.5,100,8,5000,0,0,100,391897,391897,608103,0.608103,0,0.00%,0,0.00%
15.00%,30,0.2775,1048576,0.5,100,8,5000,0,0,100,375872,375872,624128,0.624128,0,0.00%,0,0.00%
15.50%,30,0.285975,1048576,0.5,100,8,5000,0,0,100,363013,363013,636987,0.636987,0,0.00%,0,0.00%
16.00%,30,0.2944,1048576,0.5,100,8,5000,0,0,100,301873,301873,698127,0.698127,0,0.00%,0,0.00%
16.50%,30,0.302775,1048576,0.5,100,8,5000,0,0,100,291408,291408,708592,0.708592,0,0.00%,0,0.00%
17.00%,30,0.3111,1048576,0.5,100,8,5000,0,0,100,266450,266450,733550,0.73355,0,0.00%,0,0.00%
17.50%,30,0.319375,1048576,0.5,100,8,5000,0,0,100,214245,214245,785755,0.785755,0,0.00%,0,0.00%
18.00%,30,0.3276,1048576,0.5,100,8,5000,0,0,100,197837,197837,802163,0.802163,0,0.00%,0,0.00%
18.50%,30,0.335775,1048576,0.5,100,8,5000,0,0,100,207966,207966,792034,0.792034,0,0.00%,0,0.00%
19.00%,30,0.3439,1048576,0.5,100,8,5000,0,0,100,210950,210950,789050,0.78905,0,0.00%,0,0.00%
19.50%,30,0.351975,1048576,0.5,100,8,5000,0,0,100,215873,215873,784127,0.784127,0,0.00%,0,0.00%
20.00%,30,0.36,1048576,0.5,100,8,5000,0,0,100,186110,186110,813890,0.81389,0,0.00%,0,0.00%
20.50%,30,0.367975,1048576,0.5,100,8,5000,0,0,100,175888,175888,824112,0.824112,0,0.00%,0,0.00%
21.00%,30,0.3759,1048576,0.5,100,8,5000,0,0,100,173632,173632,826368,0.826368,0,0.00%,0,0.00%
21.50%,30,0.383775,1048576,0.5,100,8,5000,0,0,100,154817,154817,845183,0.845183,0,0.00%,0,0.00%
22.00%,30,0.3916,1048576,0.5,100,8,5000,0,0,100,163581,163581,836419,0.836419,0,0.00%,0,0.00%
22.50%,30,0.399375,1048576,0.5,100,8,5000,0,0,100,152131,152131,847869,0.847869,0,0.00%,0,0.00%
23.00%,30,0.4071,1048576,0.5,100,8,5000,0,0,100,143701,143701,856299,0.856299,0,0.00%,0,0.00%
23.50%,30,0.414775,1048576,0.5,100,8,5000,0,0,100,140384,140384,859616,0.859616,0,0.00%,0,0.00%
24.00%,30,0.4224,1048576,0.5,100,8,5000,0,0,100,139456,139456,860544,0.860544,0,0.00%,0,0.00%
24.50%,30,0.429975,1048576,0.5,100,8,5000,0,0,100,133912,133912,866088,0.866088,0,0.00%,0,0.00%
25.00%,30,0.4375,1048576,0.5,100,8,5000,0,0,100,121216,121216,878784,0.878784,0,0.00%,0,0.00%
0.50%,30,0.009975,1048576,0.5,100,9,5000,0,0,100,1000000,1000000,0,0,0,0.00%,0,0.00%
1.00%,30,0.0199,1048576,0.5,100,9,5000,0,0,100,1000000,1000000,0,0,0,0.00%,0,0.00%
1.50%,30,0.029775,1048576,0.5,100,9,5000,0,0,100,1000000,1000000,0,0,0,0.00%,0,0.00%
2.00%,30,0.0396,1048576,0.5,100,9,5000,0,0,100,1000000,1000000,0,0,0,0.00%,0,0.00%
2.50%,30,0.049375,1048576,0.5,100,9,5000,0,0,100,1000000,1000000,0,0,0,0.00%,0,0.00%
3.00%,30,0.0591,1048576,0.5,100,9,5000,0,0,100,1000000,1000000,0,0,0,0.00%,0,0.00%
3.50%,30,0.068775,1048576,0.5,100,9,5000,0,0,100,1000000,1000000,0,0,0,0.00%,0,0.00%
4.00%,30,0.0784,1048576,0.5,100,9,5000,0,0,100,1000000,1000000,0,0,0,0.00%,0,0.00%
4.50%,30,0.087975,1048576,0.5,100,9,5000,0,0,100,1000000,1000000,0,0,0,0.00%,0,0.00%
5.00%,30,0.0975,1048576,0.5,100,9,5000,0,0,100,1000000,1000000,0,0,0,0.00%,0,0.00%
5.50%,30,0.106975,1048576,0.5,100,9,5000,0,0,100,1000000,1000000,0,0,0,0.00%,0,0.00%
6.00%,30,0.1164,1048576,0.5,100,9,5000,0,0,100,1000000,1000000,0,0,0,0.00%,0,0.00%
6.50%,30,0.125775,1048576,0.5,100,9,5000,0,0,100,1000000,1000000,0,0,0,0.00%,0,0.00%
7.00%,30,0.1351,1048576,0.5,100,9,5000,0,0,100,1000000,1000000,0,0,0,0.00%,0,0.00%
7.50%,30,0.144375,1048576,0.5,100,9,5000,0,0,100,1000000,1000000,0,0,0,0.00%,0,0.00%
8.00%,30,0.1536,1048576,0.5,100,9,5000,0,0,100,998187,998187,1813,0.001813,0,0.00%,0,0.00%
8.50%,30,0.162775,1048576,0.5,100,9,5000,0,0,100,1000000,1000000,0,0,0,0.00%,0,0.00%
9.00%,30,0.1719,1048576,0.5,100,9,5000,0,0,100,991502,991502,8498,0.008498,0,0.00%,0,0.00%
9.50%,30,0.180975,1048576,0.5,100,9,5000,0,0,100,989064,989064,10936,0.010936,0,0.00%,0,0.00%
10.00%,30,0.19,1048576,0.5,100,9,5000,0,0,100,985544,985544,14456,0.014456,0,0.00%,0,0.00%
10.50%,30,0.198975,1048576,0.5,100,9,5000,0,0,100,955324,955324,44676,0.044676,0,0.00%,0,0.00%
11.00%,30,0.2079,1048576,0.5,100,9,5000,0,0,100,941358,941358,58642,0.058642,0,0.00%,0,0.00%
11.50%,30,0.216775,1048576,0.5,100,9,5000,0,0,100,842017,842017,157983,0.157983,0,0.00%,0,0.00%
12.00%,30,0.2256,1048576,0.5,100,9,5000,0,0,100,850578,850578,149422,0.149422,0,0.00%,0,0.00%
12.50%,30,0.234375,1048576,0.5,100,9,5000,0,0,100,694112,694112,305888,0.305888,0,0.00%,0,0.00%
13.00%,30,0.2431,1048576,0.5,100,9,5000,0,0,100,555244,555244,444756,0.444756,0,0.00%,0,0.00%
13.50%,30,0.251775,1048576,0.5,100,9,5000,0,0,100,521354,521354,478646,0.478646,0,0.00%,0,0.00%
14.00%,30,0.2604,1048576,0.5,100,9,5000,0,0,100,521013,521013,478987,0.478987,0,0.00%,0,0.00%
14.50%,30,0.268975,1048576,0.5,100,9,5000,0,0,100,407217,407217,592783,0.592783,0,0.00%,0,0.00%
15.00%,30,0.2775,1048576,0.5,100,9,5000,0,0,100,370183,370183,629817,0.629817,0,0.00%,0,0.00%
15.50%,30,0.285975,1048576,0.5,100,9,5000,0,0,100,377924,377924,622076,0.622076,0,0.00%,0,0.00%
16.00%,30,0.2944,1048576,0.5,100,9,5000,0,0,100,330296,330296,669704,0.669704,0,0.00%,0,0.00%
16.50%,30,0.302775,1048576,0.5,100,9,5000,0,0,100,315318,315318,684682,0.684682,0,0.00%,0,0.00%
17.00%,30,0.3111,1048576,0.5,100,9,5000,0,0,100,249192,249192,750808,0.750808,0,0.00%,0,0.00%
17.50%,30,0.319375,1048576,0.5,100,9,5000,0,0,100,254781,254781,745219,0.745219,0,0.00%,0,0.00%
18.00%,30,0.3276,1048576,0.5,100,9,5000,0,0,100,230103,230103,769897,0.769897,0,0.00%,0,0.00%
18.50%,30,0.335775,1048576,0.5,100,9,5000,0,0,100,222411,222411,777589,0.777589,0,0.00%,0,0.00%
19.00%,30,0.3439,1048576,0.5,100,9,5000,0,0,100,213791,213791,786209,0.786209,0,0.00%,0,0.00%
19.50%,30,0.351975,1048576,0.5,100,9,5000,0,0,100,198708,198708,801292,0.801292,0,0.00%,0,0.00%
20.00%,30,0.36,1048576,0.5,100,9,5000,0,0,100,172333,172333,827667,0.827667,0,0.00%,0,0.00%
20.50%,30,0.367975,1048576,0.5,100,9,5000,0,0,100,189090,189090,810910,0.81091,0,0.00%,0,0.00%
21.00%,30,0.3759,1048576,0.5,100,9,5000,0,0,100,180222,180222,819778,0.819778,0,0.00%,0,0.00%
21.50%,30,0.383775,1048576,0.5,100,9,5000,0,0,100,175827,175827,824173,0.824173,0,0.00%,0,0.00%
22.00%,30,0.3916,1048576,0.5,100,9,5000,0,0,100,159435,159435,840565,0.840565,0,0.00%,0,0.00%
22.50%,30,0.399375,1048576,0.5,100,9,5000,0,0,100,154093,154093,845907,0.845907,0,0.00%,0,0.00%
23.00%,30,0.4071,1048576,0.5,100,9,5000,0,0,100,150607,150607,849393,0.849393,0,0.00%,0,0.00%
23.50%,30,0.414775,1048576,0.5,100,9,5000,0,0,100,154914,154914,845086,0.845086,0,0.00%,0,0.00%
24.00%,30,0.4224,1048576,0.5,100,9,5000,0,0,100,128039,128039,871961,0.871961,0,0.00%,0,0.00%
24.50%,30,0.429975,1048576,0.5,100,9,5000,0,0,100,145043,145043,854957,0.854957,0,0.00%,0,0.00%
25.00%,30,0.4375,1048576,0.5,100,9,5000,0,0,100,115612,115612,884388,0.884388,0,0.00%,0,0.00%
0.50%,30,0.009975,1048576,0.5,100,10,5000,0,0,100,1000000,1000000,0,0,0,0.00%,0,0.00%
1.00%,30,0.0199,1048576,0.5,100,10,5000,0,0,100,1000000,1000000,0,0,0,0.00%,0,0.00%
1.50%,30,0.029775,1048576,0.5,100,10,5000,0,0,100,1000000,1000000,0,0,0,0.00%,0,0.00%
2.00%,30,0.0396,1048576,0.5,100,10,5000,0,0,100,1000000,1000000,0,0,0,0.00%,0,0.00%
2.50%,30,0.049375,1048576,0.5,100,10,5000,0,0,100,1000000,1000000,0,0,0,0.00%,0,0.00%
3.00%,30,0.0591,1048576,0.5,100,10,5000,0,0,100,1000000,1000000,0,0,0,0.00%,0,0.00%
3.50%,30,0.068775,1048576,0.5,100,10,5000,0,0,100,1000000,1000000,0,0,0,0.00%,0,0.00%
4.00%,30,0.0784,1048576,0.5,100,10,5000,0,0,100,1000000,1000000,0,0,0,0.00%,0,0.00%
4.50%,30,0.087975,1048576,0.5,100,10,5000,0,0,100,1000000,1000000,0,0,0,0.00%,0,0.00%
5.00%,30,0.0975,1048576,0.5,100,10,5000,0,0,100,1000000,1000000,0,0,0,0.00%,0,0.00%
5.50%,30,0.106975,1048576,0.5,100,10,5000,0,0,100,1000000,1000000,0,0,0,0.00%,0,0.00%
6.00%,30,0.1164,1048576,0.5,100,10,5000,0,0,100,1000000,1000000,0,0,0,0.00%,0,0.00%
6.50%,30,0.125775,1048576,0.5,100,10,5000,0,0,100,1000000,1000000,0,0,0,0.00%,0,0.00%
7.00%,30,0.1351,1048576,0.5,100,10,5000,0,0,100,1000000,1000000,0,0,0,0.00%,0,0.00%
7.50%,30,0.144375,1048576,0.5,100,10,5000,0,0,100,1000000,1000000,0,0,0,0.00%,0,0.00%
8.00%,30,0.1536,1048576,0.5,100,10,5000,0,0,100,999404,999404,596,0.000596,0,0.00%,0,0.00%
8.50%,30,0.162775,1048576,0.5,100,10,5000,0,0,100,997674,997674,2326,0.002326,0,0.00%,0,0.00%
9.00%,30,0.1719,1048576,0.5,100,10,5000,0,0,100,997697,997697,2303,0.002303,0,0.00%,0,0.00%
9.50%,30,0.180975,1048576,0.5,100,10,5000,0,0,100,992523,992523,7477,0.007477,0,0.00%,0,0.00%
10.00%,30,0.19,1048576,0.5,100,10,5000,0,0,100,974528,974528,25472,0.025472,0,0.00%,0,0.00%
10.50%,30,0.198975,1048576,0.5,100,10,5000,0,0,100,960999,960999,39001,0.039001,0,0.00%,0,0.00%
11.00%,30,0.2079,1048576,0.5,100,10,5000,0,0,100,924081,924081,75919,0.075919,0,0.00%,0,0.00%
11.50%,30,0.216775,1048576,0.5,100,10,5000,0,0,100,911974,911974,88026,0.088026,0,0.00%,0,0.00%
12.00%,30,0.2256,1048576,0.5,100,10,5000,0,0,100,808069,808069,191931,0.191931,0,0.00%,0,0.00%
12.50%,30,0.234375,1048576,0.5,100,10,5000,0,0,100,784872,784872,215128,0.215128,0,0.00%,0,0.00%
13.00%,30,0.2431,1048576,0.5,100,10,5000,0,0,100,645566,645566,354434,0.354434,0,0.00%,0,0.00%
13.50%,30,0.251775,1048576,0.5,100,10,5000,0,0,100,498852,498852,501148,0.501148,0,0.00%,0,0.00%
14.00%,30,0.2604,1048576,0.5,100,10,5000,0,0,100,474989,474989,525011,0.525011,0,0.00%,0,0.00%
14.50%,30,0.268975,1048576,0.5,100,10,5000,0,0,100,422772,422772,577228,0.577228,0,0.00%,0,0.00%
15.00%,30,0.2775,1048576,0.5,100,10,5000,0,0,100,369371,369371,630629,0.630629,0,0.00%,0,0.00%
15.50%,30,0.285975,1048576,0.5,100,10,5000,0,0,100,349104,349104,650896,0.650896,0,0.00%,0,0.00%
16.00%,30,0.2944,1048576,0.5,100,10,5000,0,0,100,285606,285606,714394,0.714394,0,0.00%,0,0.00%
16.50%,30,0.302775,1048576,0.5,100,10,5000,0,0,100,284100,284100,715900,0.7159,0,0.00%,0,0.00%
17.00%,30,0.3111,1048576,0.5,100,10,5000,0,0,100,282451,282451,717549,0.717549,0,0.00%,0,0.00%
17.50%,30,0.319375,1048576,0.5,100,10,5000,0,0,100,255573,255573,744427,0.744427,0,0.00%,0,0.00%
18.00%,30,0.3276,1048576,0.5,100,10,5000,0,0,100,209298,209298,790702,0.790702,0,0.00%,0,0.00%
18.50%,30,0.335775,1048576,0.5,100,10,5000,0,0,100,201231,201231,798769,0.798769,0,0.00%,0,0.00%
19.00%,30,0.3439,1048576,0.5,100,10,5000,0,0,100,216756,216756,783244,0.783244,0,0.00%,0,0.00%
19.50%,30,0.351975,1048576,0.5,100,10,5000,0,0,100,208928,208928,791072,0.791072,0,0.00%,0,0.00%
20.00%,30,0.36,1048576,0.5,100,10,5000,0,0,100,194014,194014,805986,0.805986,0,0.00%,0,0.00%
20.50%,30,0.367975,1048576,0.5,100,10,5000,0,0,100,156989,156989,843011,0.843011,0,0.00%,0,0.00%
21.00%,30,0.3759,1048576,0.5,100,10,5000,0,0,100,146425,146425,853575,0.853575,0,0.00%,0,0.00%
21.50%,30,0.383775,1048576,0.5,100,10,5000,0,0,100,159315,159315,840685,0.840685,0,0.00%,0,0.00%
22.00%,30,0.3916,1048576,0.5,100,10,5000,0,0,100,143150,143150,856850,0.85685,0,0.00%,0,0.00%
22.50%,30,0.399375,1048576,0.5,100,10,5000,0,0,100,159549,159549,840451,0.840451,0,0.00%,0,0.00%
23.00%,30,0.4071,1048576,0.5,100,10,5000,0,0,100,132388,132388,867612,0.867612,0,0.00%,0,0.00%
23.50%,30,0.414775,1048576,0.5,100,10,5000,0,0,100,141680,141680,858320,0.85832,0,0.00%,0,0.00%
24.00%,30,0.4224,1048576,0.5,100,10,5000,0,0,100,135530,135530,864470,0.86447,0,0.00%,0,0.00%
24.50%,30,0.429975,1048576,0.5,100,10,5000,0,0,100,121830,121830,878170,0.87817,0,0.00%,0,0.00%
25.00%,30,0.4375,1048576,0.5,100,10,5000,0,0,100,143502,143502,856498,0.856498,0,0.00%,0,0.00%
